x [m],y [m],Tree species,dbh [mm]
82.56,160,Acer pseudoplatanus,78
137.12,159.66,Acer pseudoplatanus,93
92.07,159.22,Acer pseudoplatanus,84
128.77,159.1,Acer pseudoplatanus,109
127.72,158.57,Acer pseudoplatanus,75
135.32,158.26,Acer pseudoplatanus,70
144.45,158.25,Acer pseudoplatanus,88
148.57,158.24,Acer pseudoplatanus,104
135.82,157.78,Acer pseudoplatanus,98
152.14,157.58,Acer pseudoplatanus,126
135.24,157.55,Acer pseudoplatanus,79
127.61,157.23,Acer pseudoplatanus,77
127.23,156.93,Acer pseudoplatanus,79
136.32,156.35,Acer pseudoplatanus,86
137.34,154.75,Acer pseudoplatanus,110
128.09,154.48,Acer pseudoplatanus,67
151.01,153.62,Acer pseudoplatanus,85
135.82,152.88,Acer pseudoplatanus,118
140.62,151.87,Acer pseudoplatanus,116
128.21,151.18,Acer pseudoplatanus,78
152.51,151.04,Acer pseudoplatanus,128
145.16,149.71,Acer pseudoplatanus,178
138.01,148.81,Acer pseudoplatanus,158
136.5,148.64,Acer pseudoplatanus,93
138.52,148.28,Acer pseudoplatanus,112
146.2,146.79,Acer pseudoplatanus,129
147.61,146.63,Acer pseudoplatanus,173
151.12,146.36,Acer pseudoplatanus,70
149.75,146.15,Acer pseudoplatanus,108
147.08,145.78,Acer pseudoplatanus,94
109.28,144.94,Acer pseudoplatanus,550
79.84,143.96,Acer pseudoplatanus,514
149.53,143.77,Acer pseudoplatanus,183
95.48,143.61,Acer pseudoplatanus,89
139.99,142.9,Acer pseudoplatanus,125
152.44,142.76,Acer pseudoplatanus,75
152.17,142.52,Acer pseudoplatanus,94
8.1,142.45,Acer pseudoplatanus,93
141.36,142.37,Acer pseudoplatanus,81
7.42,142.29,Acer pseudoplatanus,93
7.5,141.97,Acer pseudoplatanus,102
141.82,141.71,Acer pseudoplatanus,183
134.81,141.7,Acer pseudoplatanus,102
133.12,141.6,Acer pseudoplatanus,115
118.27,141.35,Acer pseudoplatanus,666
94.26,141.31,Acer pseudoplatanus,71
153.04,141.17,Acer pseudoplatanus,116
139.62,140.96,Acer pseudoplatanus,79
134.65,140.95,Acer pseudoplatanus,76
91.5,140.87,Acer pseudoplatanus,96
64.11,140.67,Acer pseudoplatanus,70
150.7,140.37,Acer pseudoplatanus,86
142.41,139.39,Acer pseudoplatanus,76
141.3,138.44,Acer pseudoplatanus,82
143.16,138.12,Acer pseudoplatanus,179
143.74,137.46,Acer pseudoplatanus,97
143.22,136.79,Acer pseudoplatanus,79
142.04,136.22,Acer pseudoplatanus,92
135.94,136.22,Acer pseudoplatanus,164
73.86,136.12,Acer pseudoplatanus,70
74.28,135.64,Acer pseudoplatanus,71
54.63,135.05,Acer pseudoplatanus,76
9.47,134.17,Acer pseudoplatanus,74
141.33,134.08,Acer pseudoplatanus,94
8.88,132.5,Acer pseudoplatanus,86
146.51,132.23,Acer pseudoplatanus,82
150.3,131.79,Acer pseudoplatanus,71
153.71,130.74,Acer pseudoplatanus,86
148.59,130.58,Acer pseudoplatanus,112
134.59,130.58,Acer pseudoplatanus,81
147.34,130.4,Acer pseudoplatanus,93
142.6,125.83,Acer pseudoplatanus,70
143.3,125.81,Acer pseudoplatanus,98
147.48,125.36,Acer pseudoplatanus,106
118.54,125.32,Acer pseudoplatanus,97
100.99,124.48,Acer pseudoplatanus,71
143.35,124.25,Acer pseudoplatanus,91
85.58,122.94,Acer pseudoplatanus,93
81.68,122.61,Acer pseudoplatanus,75
81.39,122.41,Acer pseudoplatanus,77
87.65,120.41,Acer pseudoplatanus,72
88.81,120.09,Acer pseudoplatanus,74
89.86,119.1,Acer pseudoplatanus,76
140.83,118.83,Acer pseudoplatanus,148
138.78,118.49,Acer pseudoplatanus,84
142.99,118.35,Acer pseudoplatanus,120
145.03,118.33,Acer pseudoplatanus,75
139.26,118.05,Acer pseudoplatanus,155
142.67,117.12,Acer pseudoplatanus,97
115.21,117.04,Acer pseudoplatanus,705
8.97,116.87,Acer pseudoplatanus,78
140.73,116.79,Acer pseudoplatanus,102
83.92,116.06,Acer pseudoplatanus,83
84.03,115.88,Acer pseudoplatanus,102
141.83,114.32,Acer pseudoplatanus,123
13.01,114.17,Acer pseudoplatanus,72
147.61,113.52,Acer pseudoplatanus,366
87.87,112.99,Acer pseudoplatanus,527
130.45,112.94,Acer pseudoplatanus,120
10.64,112.34,Acer pseudoplatanus,70
80.17,110.13,Acer pseudoplatanus,95
11.51,110.08,Acer pseudoplatanus,79
136.08,108.14,Acer pseudoplatanus,149
131.26,107.76,Acer pseudoplatanus,141
125.76,107.72,Acer pseudoplatanus,106
148.04,107.19,Acer pseudoplatanus,137
113.3,107.02,Acer pseudoplatanus,101
125.01,106.78,Acer pseudoplatanus,71
130.31,106.57,Acer pseudoplatanus,92
120.89,106.01,Acer pseudoplatanus,75
76.28,105.98,Acer pseudoplatanus,97
127.37,105.07,Acer pseudoplatanus,105
21.84,104.91,Acer pseudoplatanus,98
108.51,104.54,Acer pseudoplatanus,486
137.55,104.52,Acer pseudoplatanus,90
130.38,103.89,Acer pseudoplatanus,107
120.33,103.76,Acer pseudoplatanus,97
138.96,103.54,Acer pseudoplatanus,190
136.48,103.53,Acer pseudoplatanus,171
136.13,103.3,Acer pseudoplatanus,98
122.79,103.04,Acer pseudoplatanus,77
137.78,102.91,Acer pseudoplatanus,90
138.34,102.46,Acer pseudoplatanus,133
80.4,101.87,Acer pseudoplatanus,98
101.31,101.29,Acer pseudoplatanus,121
19.81,101.13,Acer pseudoplatanus,77
130.77,100.38,Acer pseudoplatanus,77
109.65,100.38,Acer pseudoplatanus,129
138.15,98.8,Acer pseudoplatanus,197
23.66,98.79,Acer pseudoplatanus,85
75.31,98.76,Acer pseudoplatanus,78
7.41,97.76,Acer pseudoplatanus,78
32.98,97.72,Acer pseudoplatanus,76
20.46,97.62,Acer pseudoplatanus,75
70.85,97.42,Acer pseudoplatanus,82
96.65,97.1,Acer pseudoplatanus,104
107.41,96.82,Acer pseudoplatanus,126
151.63,96.3,Acer pseudoplatanus,128
116.85,96.25,Acer pseudoplatanus,131
59.15,96.19,Acer pseudoplatanus,98
59.12,96.17,Acer pseudoplatanus,78
15.21,95.96,Acer pseudoplatanus,84
103.79,95.62,Acer pseudoplatanus,121
103.82,95.3,Acer pseudoplatanus,89
126.88,94.34,Acer pseudoplatanus,111
140.46,93.91,Acer pseudoplatanus,131
99.53,93.73,Acer pseudoplatanus,82
18.72,93.63,Acer pseudoplatanus,80
140.72,91.73,Acer pseudoplatanus,144
103.97,91.27,Acer pseudoplatanus,74
105.61,91.02,Acer pseudoplatanus,96
111.76,89.83,Acer pseudoplatanus,84
139.83,89.36,Acer pseudoplatanus,199
4.98,89.09,Acer pseudoplatanus,297
101.18,88.84,Acer pseudoplatanus,77
101.08,88.47,Acer pseudoplatanus,187
25.32,87.23,Acer pseudoplatanus,91
122.01,86.89,Acer pseudoplatanus,152
98.49,85.45,Acer pseudoplatanus,117
134.5,85.35,Acer pseudoplatanus,108
129.79,84.6,Acer pseudoplatanus,193
90.91,83.67,Acer pseudoplatanus,128
35.91,83.28,Acer pseudoplatanus,75
77.87,82.9,Acer pseudoplatanus,102
58.08,82.86,Acer pseudoplatanus,106
113.37,82.63,Acer pseudoplatanus,136
117.59,81.69,Acer pseudoplatanus,99
112.39,81.37,Acer pseudoplatanus,138
95,81.19,Acer pseudoplatanus,171
119.84,81.07,Acer pseudoplatanus,119
10.26,80.77,Acer pseudoplatanus,87
117.56,80.58,Acer pseudoplatanus,120
116.57,80.41,Acer pseudoplatanus,84
124.83,79.32,Acer pseudoplatanus,502
85.59,79.3,Acer pseudoplatanus,75
34.33,78.99,Acer pseudoplatanus,74
28.56,78.76,Acer pseudoplatanus,88
92.49,78.36,Acer pseudoplatanus,93
68.95,77.89,Acer pseudoplatanus,112
89.53,77.13,Acer pseudoplatanus,142
70.07,76.45,Acer pseudoplatanus,77
44.6,75.75,Acer pseudoplatanus,91
44.75,74.86,Acer pseudoplatanus,162
66,74.71,Acer pseudoplatanus,70
44.44,74.61,Acer pseudoplatanus,71
74.91,74.49,Acer pseudoplatanus,86
54.48,73.22,Acer pseudoplatanus,157
61.98,72.49,Acer pseudoplatanus,100
41.94,72.46,Acer pseudoplatanus,83
18.24,72.08,Acer pseudoplatanus,74
71.05,71.86,Acer pseudoplatanus,78
29.63,71.47,Acer pseudoplatanus,94
93.98,71.37,Acer pseudoplatanus,140
42.89,71.21,Acer pseudoplatanus,86
59.06,70.29,Acer pseudoplatanus,78
52.6,70.24,Acer pseudoplatanus,182
71.95,69.83,Acer pseudoplatanus,108
77.83,69.67,Acer pseudoplatanus,83
41.01,69.55,Acer pseudoplatanus,82
60.07,68.82,Acer pseudoplatanus,144
101.14,68.76,Acer pseudoplatanus,113
58.66,68.74,Acer pseudoplatanus,151
96.84,68.69,Acer pseudoplatanus,118
62.82,68.41,Acer pseudoplatanus,117
110.67,68.28,Acer pseudoplatanus,77
28.97,68.2,Acer pseudoplatanus,76
76.59,68.09,Acer pseudoplatanus,96
81.31,67.65,Acer pseudoplatanus,123
113.27,67.51,Acer pseudoplatanus,80
110.88,67.5,Acer pseudoplatanus,77
37.69,67.45,Acer pseudoplatanus,70
63.69,67.32,Acer pseudoplatanus,76
104.13,66.86,Acer pseudoplatanus,374
74.36,66.85,Acer pseudoplatanus,164
146.24,66.64,Acer pseudoplatanus,422
36.37,66.49,Acer pseudoplatanus,70
80.74,66.36,Acer pseudoplatanus,84
63.98,66.12,Acer pseudoplatanus,141
95.4,65.63,Acer pseudoplatanus,104
122.58,65.51,Acer pseudoplatanus,124
75.68,65.32,Acer pseudoplatanus,83
72.41,64.78,Acer pseudoplatanus,72
55.1,61.66,Acer pseudoplatanus,138
69.89,61.41,Acer pseudoplatanus,101
73.45,60.9,Acer pseudoplatanus,102
146.74,60.22,Acer pseudoplatanus,401
48.79,60.1,Acer pseudoplatanus,445
64.78,59.16,Acer pseudoplatanus,166
6.22,58.63,Acer pseudoplatanus,289
93.99,58.35,Acer pseudoplatanus,143
71.9,58.06,Acer pseudoplatanus,143
73.07,58.05,Acer pseudoplatanus,107
122.36,57.82,Acer pseudoplatanus,144
76.73,57.25,Acer pseudoplatanus,124
75.31,56.84,Acer pseudoplatanus,166
72.76,54.86,Acer pseudoplatanus,128
64.4,54.37,Acer pseudoplatanus,82
70.54,54.33,Acer pseudoplatanus,110
72.75,53.85,Acer pseudoplatanus,77
135.23,53.56,Acer pseudoplatanus,75
70.08,53.47,Acer pseudoplatanus,188
97.67,53.13,Acer pseudoplatanus,71
121,52.9,Acer pseudoplatanus,103
134.59,51.98,Acer pseudoplatanus,78
67.27,51.83,Acer pseudoplatanus,122
32.1,51.2,Acer pseudoplatanus,80
74.73,51.19,Acer pseudoplatanus,168
138.22,50.75,Acer pseudoplatanus,80
38.76,50.17,Acer pseudoplatanus,160
64.08,50.1,Acer pseudoplatanus,165
93.44,49.16,Acer pseudoplatanus,117
41.55,48.67,Acer pseudoplatanus,117
130.27,48.47,Acer pseudoplatanus,97
112.52,47.45,Acer pseudoplatanus,132
27.13,47.32,Acer pseudoplatanus,75
16.7,47.25,Acer pseudoplatanus,140
100.31,47.09,Acer pseudoplatanus,72
95.6,46.93,Acer pseudoplatanus,77
131.06,46.86,Acer pseudoplatanus,78
116.65,46.41,Acer pseudoplatanus,116
140.39,46.29,Acer pseudoplatanus,87
115.18,45.91,Acer pseudoplatanus,74
29.87,45.46,Acer pseudoplatanus,106
9.46,44.78,Acer pseudoplatanus,72
117.66,44.74,Acer pseudoplatanus,79
82.82,44.33,Acer pseudoplatanus,95
92.77,43.91,Acer pseudoplatanus,123
130.19,43.67,Acer pseudoplatanus,105
120.12,43.63,Acer pseudoplatanus,74
96.11,42.7,Acer pseudoplatanus,74
56.8,42.46,Acer pseudoplatanus,131
36.46,42.04,Acer pseudoplatanus,98
51.43,41.97,Acer pseudoplatanus,94
6.67,41.91,Acer pseudoplatanus,108
33.8,41.86,Acer pseudoplatanus,95
96.04,40.84,Acer pseudoplatanus,106
91.69,40.47,Acer pseudoplatanus,101
90.68,40.19,Acer pseudoplatanus,91
51.34,39.55,Acer pseudoplatanus,86
9.79,39.44,Acer pseudoplatanus,88
60.31,38.46,Acer pseudoplatanus,115
4.69,37.44,Acer pseudoplatanus,87
74.43,36.64,Acer pseudoplatanus,114
55.49,36.43,Acer pseudoplatanus,71
50.82,36.17,Acer pseudoplatanus,95
16.11,36.16,Acer pseudoplatanus,77
97.15,35.88,Acer pseudoplatanus,91
13.51,35.72,Acer pseudoplatanus,92
10.3,35.58,Acer pseudoplatanus,80
74.81,35.34,Acer pseudoplatanus,116
36.18,35.24,Acer pseudoplatanus,172
17.81,35.09,Acer pseudoplatanus,88
47.14,35.06,Acer pseudoplatanus,90
37.25,34.97,Acer pseudoplatanus,94
16.24,34.76,Acer pseudoplatanus,124
56.9,34.44,Acer pseudoplatanus,81
55.6,34.33,Acer pseudoplatanus,103
48.78,34.16,Acer pseudoplatanus,86
98.45,34.05,Acer pseudoplatanus,74
135.46,33.54,Acer pseudoplatanus,81
31.76,33.24,Acer pseudoplatanus,145
50.4,32.96,Acer pseudoplatanus,99
6.98,32.93,Acer pseudoplatanus,101
16.35,32.49,Acer pseudoplatanus,87
66.57,32.02,Acer pseudoplatanus,71
123.15,31.92,Acer pseudoplatanus,110
129.04,31.35,Acer pseudoplatanus,85
56.64,31.19,Acer pseudoplatanus,83
62.05,31.15,Acer pseudoplatanus,113
67.76,30.9,Acer pseudoplatanus,123
58.7,30.41,Acer pseudoplatanus,70
15.17,29.84,Acer pseudoplatanus,104
61.66,29.72,Acer pseudoplatanus,74
61,29.67,Acer pseudoplatanus,71
68.13,29.51,Acer pseudoplatanus,129
59.6,29.04,Acer pseudoplatanus,81
69.65,28.57,Acer pseudoplatanus,83
32.04,28.5,Acer pseudoplatanus,99
15.66,28.46,Acer pseudoplatanus,72
63.61,28.3,Acer pseudoplatanus,136
33.54,27.96,Acer pseudoplatanus,89
116.72,27.79,Acer pseudoplatanus,131
122.68,27.74,Acer pseudoplatanus,183
130.32,27.47,Acer pseudoplatanus,143
31.05,27.46,Acer pseudoplatanus,95
47.65,27.14,Acer pseudoplatanus,72
32.57,27.13,Acer pseudoplatanus,131
41.09,27.04,Acer pseudoplatanus,83
112.49,26.97,Acer pseudoplatanus,110
58.77,26.94,Acer pseudoplatanus,79
111.56,26.8,Acer pseudoplatanus,78
28.72,26.76,Acer pseudoplatanus,112
41.23,26.74,Acer pseudoplatanus,136
14.51,26.64,Acer pseudoplatanus,173
58.21,26.61,Acer pseudoplatanus,89
22.39,26.56,Acer pseudoplatanus,71
64.53,26.5,Acer pseudoplatanus,112
53.57,26.35,Acer pseudoplatanus,73
53.66,26.34,Acer pseudoplatanus,70
133.72,26.33,Acer pseudoplatanus,108
44.25,26.29,Acer pseudoplatanus,72
12.37,26.13,Acer pseudoplatanus,75
33.89,25.8,Acer pseudoplatanus,104
63.65,25.7,Acer pseudoplatanus,109
42.77,25.37,Acer pseudoplatanus,70
19.93,24.72,Acer pseudoplatanus,153
21.71,24.37,Acer pseudoplatanus,71
16.4,24.1,Acer pseudoplatanus,203
36.08,23.99,Acer pseudoplatanus,93
133.36,23.87,Acer pseudoplatanus,94
140.1,23.86,Acer pseudoplatanus,90
72.65,23.31,Acer pseudoplatanus,101
32.86,23.31,Acer pseudoplatanus,111
47.01,22.95,Acer pseudoplatanus,75
34.06,22.82,Acer pseudoplatanus,86
55.12,22.45,Acer pseudoplatanus,89
61.26,22.4,Acer pseudoplatanus,84
94.2,22.13,Acer pseudoplatanus,73
139.9,22.07,Acer pseudoplatanus,90
130.79,21.93,Acer pseudoplatanus,113
41.51,21.74,Acer pseudoplatanus,81
55.06,21.24,Acer pseudoplatanus,105
11.99,20.94,Acer pseudoplatanus,71
28.17,20.34,Acer pseudoplatanus,135
67.27,19.75,Acer pseudoplatanus,96
17.53,19.69,Acer pseudoplatanus,190
67.89,19.67,Acer pseudoplatanus,78
35.18,19.52,Acer pseudoplatanus,137
12.98,18.64,Acer pseudoplatanus,167
11.87,18.37,Acer pseudoplatanus,115
12.32,18.33,Acer pseudoplatanus,111
22.73,17.42,Acer pseudoplatanus,89
37.59,15.99,Acer pseudoplatanus,77
10.61,15.46,Acer pseudoplatanus,127
7.14,15.41,Acer pseudoplatanus,71
102.47,15.26,Acer pseudoplatanus,139
22.02,15.24,Acer pseudoplatanus,107
107.16,14.06,Acer pseudoplatanus,129
18.24,12.54,Acer pseudoplatanus,102
94.08,12.09,Acer pseudoplatanus,93
15.3,11.81,Acer pseudoplatanus,77
95,11.63,Acer pseudoplatanus,91
24.7,10.99,Acer pseudoplatanus,243
22.97,10.84,Acer pseudoplatanus,81
117.33,10.06,Acer pseudoplatanus,95
100.73,9.07,Acer pseudoplatanus,92
73.94,8.79,Acer pseudoplatanus,119
15.49,8.15,Acer pseudoplatanus,99
96.07,6.15,Acer pseudoplatanus,78
95.94,5.29,Acer pseudoplatanus,84
105.51,4.97,Acer pseudoplatanus,86
37.95,99.1,Ulmus glabra,130
59.83,77.36,Ulmus glabra,99
123.05,68.78,Ulmus glabra,73
146.06,60.39,Ulmus glabra,87
92.39,57.41,Ulmus glabra,114
114.61,52.57,Ulmus glabra,175
116.01,51.87,Ulmus glabra,103
46.58,48.8,Ulmus glabra,126
120.41,48.62,Ulmus glabra,106
87.25,46.95,Ulmus glabra,247
143.93,46.63,Ulmus glabra,123
101.62,45.87,Ulmus glabra,78
101.64,45.77,Ulmus glabra,83
138.07,43.96,Ulmus glabra,123
78.48,40.19,Ulmus glabra,94
85.29,39.54,Ulmus glabra,141
137.42,31,Ulmus glabra,116
110.76,29,Ulmus glabra,200
101.74,22.91,Ulmus glabra,80
96.65,19.3,Ulmus glabra,77
156.67,158.98,Fagus sylvatica,89
91.42,158.93,Fagus sylvatica,198
38.65,157.66,Fagus sylvatica,582
92.03,157.37,Fagus sylvatica,88
91.68,157.03,Fagus sylvatica,195
24.5,156.51,Fagus sylvatica,467
98.44,156.49,Fagus sylvatica,86
17.36,155.33,Fagus sylvatica,223
47.97,155.17,Fagus sylvatica,536
43.05,154.77,Fagus sylvatica,169
128.92,154.54,Fagus sylvatica,105
61.66,154.44,Fagus sylvatica,237
65.95,154.2,Fagus sylvatica,216
153.59,153.95,Fagus sylvatica,682
36.63,153.92,Fagus sylvatica,500
129.03,152.78,Fagus sylvatica,79
103.63,152.46,Fagus sylvatica,124
44.95,152.33,Fagus sylvatica,83
154.58,151.66,Fagus sylvatica,83
137.79,151.3,Fagus sylvatica,116
66.85,150.87,Fagus sylvatica,627
48.78,150.55,Fagus sylvatica,142
149.82,149.81,Fagus sylvatica,109
40.6,149.8,Fagus sylvatica,215
28.09,149.79,Fagus sylvatica,588
5.49,149.71,Fagus sylvatica,125
34.69,149.58,Fagus sylvatica,455
75.7,149.19,Fagus sylvatica,259
45.53,147.43,Fagus sylvatica,162
148.35,146.44,Fagus sylvatica,70
52.68,145.92,Fagus sylvatica,262
65.58,145.61,Fagus sylvatica,380
155.39,144.99,Fagus sylvatica,156
155.4,144.89,Fagus sylvatica,643
49.75,144.81,Fagus sylvatica,581
79.07,144.75,Fagus sylvatica,196
17.53,144.72,Fagus sylvatica,645
20.72,144.42,Fagus sylvatica,296
79.99,144.09,Fagus sylvatica,175
103.8,144.02,Fagus sylvatica,85
80.58,143.32,Fagus sylvatica,195
63.16,142.87,Fagus sylvatica,70
63.28,142.38,Fagus sylvatica,633
111.49,142.35,Fagus sylvatica,165
101.53,142.19,Fagus sylvatica,73
38.35,141.86,Fagus sylvatica,655
98.37,141.07,Fagus sylvatica,70
48.78,141.06,Fagus sylvatica,190
138.31,139.78,Fagus sylvatica,152
118.45,139.64,Fagus sylvatica,106
95.6,139.57,Fagus sylvatica,70
56.66,138.89,Fagus sylvatica,225
97.82,138.66,Fagus sylvatica,121
60.86,138.55,Fagus sylvatica,202
96.32,137.86,Fagus sylvatica,88
54.82,137.44,Fagus sylvatica,601
28.73,136.83,Fagus sylvatica,269
119.46,136.74,Fagus sylvatica,147
148.34,136.61,Fagus sylvatica,77
80.85,136.33,Fagus sylvatica,225
106.33,135.16,Fagus sylvatica,79
155.09,135.09,Fagus sylvatica,112
97.79,134.98,Fagus sylvatica,105
141.01,134.66,Fagus sylvatica,70
81.42,134.09,Fagus sylvatica,205
147.11,133.91,Fagus sylvatica,71
24.68,133.59,Fagus sylvatica,656
108.27,133.32,Fagus sylvatica,91
44.68,133.26,Fagus sylvatica,604
25.76,133.14,Fagus sylvatica,157
122.49,132.91,Fagus sylvatica,114
122.49,132.51,Fagus sylvatica,128
130.44,132.22,Fagus sylvatica,70
112.94,131.75,Fagus sylvatica,79
95.99,131.59,Fagus sylvatica,84
17.51,131.41,Fagus sylvatica,208
96.04,131.29,Fagus sylvatica,229
110,130.52,Fagus sylvatica,71
121.47,130.34,Fagus sylvatica,84
138.39,130.31,Fagus sylvatica,77
132.02,129.82,Fagus sylvatica,93
95.48,129.29,Fagus sylvatica,99
36.12,128.33,Fagus sylvatica,485
104.35,128.18,Fagus sylvatica,297
139.79,127.12,Fagus sylvatica,70
145.33,126.89,Fagus sylvatica,92
46.75,125.89,Fagus sylvatica,644
141.8,125.81,Fagus sylvatica,484
16.73,125.63,Fagus sylvatica,570
109.07,125.43,Fagus sylvatica,323
30.87,125.13,Fagus sylvatica,256
133.47,124.97,Fagus sylvatica,368
141.29,124.95,Fagus sylvatica,81
36.86,124.47,Fagus sylvatica,123
99.91,124.15,Fagus sylvatica,89
145.24,123.98,Fagus sylvatica,86
10.54,123.9,Fagus sylvatica,169
121.7,123.13,Fagus sylvatica,138
11.83,122.49,Fagus sylvatica,621
113.47,122.39,Fagus sylvatica,273
153.49,122.34,Fagus sylvatica,253
68.04,121.92,Fagus sylvatica,593
50.31,121.18,Fagus sylvatica,285
52.89,121.02,Fagus sylvatica,198
26.67,120.52,Fagus sylvatica,622
25.79,119.98,Fagus sylvatica,168
67.67,119.83,Fagus sylvatica,218
44.74,119.05,Fagus sylvatica,258
37.23,118.99,Fagus sylvatica,622
97.45,117.95,Fagus sylvatica,82
112.23,117.73,Fagus sylvatica,375
16.92,117.62,Fagus sylvatica,132
36.38,117.61,Fagus sylvatica,212
31.16,116.88,Fagus sylvatica,492
17.24,116.31,Fagus sylvatica,439
41.94,115.94,Fagus sylvatica,192
64.44,115.73,Fagus sylvatica,555
69.74,115.66,Fagus sylvatica,247
56.66,115.48,Fagus sylvatica,180
73.6,114.46,Fagus sylvatica,202
18.18,113.92,Fagus sylvatica,195
141.17,113.82,Fagus sylvatica,70
73.78,113.54,Fagus sylvatica,609
115.88,113.2,Fagus sylvatica,185
37.94,112.96,Fagus sylvatica,583
85.59,111.74,Fagus sylvatica,77
21.69,111.57,Fagus sylvatica,578
94.88,110.96,Fagus sylvatica,80
63.95,110.35,Fagus sylvatica,169
106.58,110.19,Fagus sylvatica,209
120.38,109.67,Fagus sylvatica,377
121.77,109.39,Fagus sylvatica,85
64.93,109.11,Fagus sylvatica,460
36.81,108.8,Fagus sylvatica,678
51.68,107.53,Fagus sylvatica,273
51.32,107.36,Fagus sylvatica,176
59.67,107.28,Fagus sylvatica,563
61.25,106.76,Fagus sylvatica,206
89.82,106.27,Fagus sylvatica,100
93.6,105.74,Fagus sylvatica,105
109.06,105.71,Fagus sylvatica,231
6.57,104.84,Fagus sylvatica,637
108.21,104.5,Fagus sylvatica,162
79.99,104.24,Fagus sylvatica,103
94.13,104.08,Fagus sylvatica,87
119.2,104.01,Fagus sylvatica,628
87.85,102.74,Fagus sylvatica,74
70.01,101.95,Fagus sylvatica,669
89.09,101.9,Fagus sylvatica,90
71.9,101.59,Fagus sylvatica,221
72.17,100.58,Fagus sylvatica,262
148.28,99.87,Fagus sylvatica,76
122.95,99.4,Fagus sylvatica,73
122.84,99.37,Fagus sylvatica,73
108.52,98.83,Fagus sylvatica,115
19.67,98.23,Fagus sylvatica,533
100.23,97.37,Fagus sylvatica,87
47.93,96.54,Fagus sylvatica,531
83.25,96.53,Fagus sylvatica,349
121.19,96.48,Fagus sylvatica,74
53.62,96.26,Fagus sylvatica,651
6.76,94.83,Fagus sylvatica,535
128.12,94.82,Fagus sylvatica,73
98.77,94.81,Fagus sylvatica,77
76.23,94.75,Fagus sylvatica,83
37.56,94.56,Fagus sylvatica,561
151.21,94.29,Fagus sylvatica,684
30.41,92.99,Fagus sylvatica,615
127.91,92.87,Fagus sylvatica,73
98.84,92.74,Fagus sylvatica,106
53.39,91.97,Fagus sylvatica,222
24.73,91.81,Fagus sylvatica,84
32.54,91.33,Fagus sylvatica,72
8.09,91.03,Fagus sylvatica,168
8.34,90.98,Fagus sylvatica,560
122.02,90.92,Fagus sylvatica,90
152.9,90.64,Fagus sylvatica,301
128.54,89.73,Fagus sylvatica,81
35.01,89.41,Fagus sylvatica,75
97.5,89.28,Fagus sylvatica,77
91.99,88.15,Fagus sylvatica,649
37.46,88.06,Fagus sylvatica,573
53.05,87.57,Fagus sylvatica,644
93.69,86.62,Fagus sylvatica,98
20.9,86.38,Fagus sylvatica,554
19.47,85.31,Fagus sylvatica,102
14.16,85.2,Fagus sylvatica,597
67.97,84.9,Fagus sylvatica,585
15.93,83.99,Fagus sylvatica,188
117.98,83.98,Fagus sylvatica,105
43.43,83.68,Fagus sylvatica,71
79.33,83.25,Fagus sylvatica,723
36.53,82.8,Fagus sylvatica,75
59.99,82.45,Fagus sylvatica,522
9.35,81.74,Fagus sylvatica,436
131.4,79.94,Fagus sylvatica,81
34.79,79.64,Fagus sylvatica,377
45.77,78.7,Fagus sylvatica,552
40.06,78.38,Fagus sylvatica,663
44.72,78.36,Fagus sylvatica,97
72.67,78.15,Fagus sylvatica,547
19.09,76.99,Fagus sylvatica,78
92.38,76.11,Fagus sylvatica,89
14.85,75.47,Fagus sylvatica,525
82.46,74.74,Fagus sylvatica,640
156.2,74.73,Fagus sylvatica,711
61.65,74.6,Fagus sylvatica,491
130.99,74.06,Fagus sylvatica,85
77.11,74.01,Fagus sylvatica,93
149.76,73.53,Fagus sylvatica,349
99.82,73.2,Fagus sylvatica,594
64.08,72.52,Fagus sylvatica,206
117.44,72.42,Fagus sylvatica,243
144.22,72.3,Fagus sylvatica,501
10.95,72.29,Fagus sylvatica,493
83.84,72.11,Fagus sylvatica,125
71.66,71.65,Fagus sylvatica,110
34.3,70.26,Fagus sylvatica,573
149.54,69.74,Fagus sylvatica,262
119.12,69.59,Fagus sylvatica,446
86.48,68.72,Fagus sylvatica,486
77.36,68.5,Fagus sylvatica,485
14.13,68.39,Fagus sylvatica,215
79.28,68.38,Fagus sylvatica,90
25.41,67.63,Fagus sylvatica,642
10.28,67.41,Fagus sylvatica,126
141.32,65.99,Fagus sylvatica,212
130,65.55,Fagus sylvatica,334
117.38,64.5,Fagus sylvatica,74
139.56,64.25,Fagus sylvatica,583
84.61,64.22,Fagus sylvatica,113
18.32,64.19,Fagus sylvatica,214
10.9,64.19,Fagus sylvatica,615
38.26,63.93,Fagus sylvatica,91
135.94,60.36,Fagus sylvatica,265
104.85,60.21,Fagus sylvatica,171
26.33,58.8,Fagus sylvatica,422
147.18,58.49,Fagus sylvatica,200
32.81,57.9,Fagus sylvatica,664
41.31,57.73,Fagus sylvatica,533
45.81,57.69,Fagus sylvatica,289
14.79,57.66,Fagus sylvatica,571
133.05,57.65,Fagus sylvatica,584
50.47,57.45,Fagus sylvatica,228
131.61,56.29,Fagus sylvatica,264
95.45,55.34,Fagus sylvatica,105
23.45,54.36,Fagus sylvatica,207
130.96,52.68,Fagus sylvatica,77
128.27,51.89,Fagus sylvatica,543
20.4,51.58,Fagus sylvatica,562
26.32,48.7,Fagus sylvatica,533
123.84,47.83,Fagus sylvatica,587
5.75,46.74,Fagus sylvatica,558
117.87,45.62,Fagus sylvatica,641
42.33,45.59,Fagus sylvatica,439
6.35,45.45,Fagus sylvatica,245
35.93,42.69,Fagus sylvatica,600
49.2,41.47,Fagus sylvatica,590
107.83,41.33,Fagus sylvatica,300
89.49,40.41,Fagus sylvatica,651
75.98,40.23,Fagus sylvatica,698
16.02,39.41,Fagus sylvatica,643
144.74,38.07,Fagus sylvatica,272
41.94,36.4,Fagus sylvatica,294
11.51,36.05,Fagus sylvatica,574
88.52,35.03,Fagus sylvatica,562
57.3,35.02,Fagus sylvatica,599
64.39,34.49,Fagus sylvatica,625
4.74,34.16,Fagus sylvatica,169
4.93,33.56,Fagus sylvatica,580
54.21,32.11,Fagus sylvatica,541
25.04,30.33,Fagus sylvatica,601
14.02,29.77,Fagus sylvatica,575
57.83,29.4,Fagus sylvatica,494
53.51,28.93,Fagus sylvatica,260
140.94,28.68,Fagus sylvatica,676
6.75,27.8,Fagus sylvatica,261
130.71,27.61,Fagus sylvatica,577
104.75,26.12,Fagus sylvatica,625
42.71,25.87,Fagus sylvatica,590
110.99,24.12,Fagus sylvatica,607
33.33,23.46,Fagus sylvatica,646
24.42,23.34,Fagus sylvatica,614
80.04,23.2,Fagus sylvatica,724
140.23,22,Fagus sylvatica,605
136.86,16.41,Fagus sylvatica,620
34.81,14.61,Fagus sylvatica,247
40.45,14.43,Fagus sylvatica,362
86.84,13.48,Fagus sylvatica,652
88.68,11.62,Fagus sylvatica,300
44.15,11.08,Fagus sylvatica,262
39.94,10.71,Fagus sylvatica,204
56.54,10.63,Fagus sylvatica,255
133.94,9.6,Fagus sylvatica,618
132.89,8.03,Fagus sylvatica,256
68.95,7.84,Fagus sylvatica,306
100.25,7.15,Fagus sylvatica,637
39.82,7.15,Fagus sylvatica,325
140.86,6.88,Fagus sylvatica,447
50.51,6.71,Fagus sylvatica,301
74.71,6.45,Fagus sylvatica,555
129.12,5.85,Fagus sylvatica,708
85.57,5.01,Fagus sylvatica,312
79.49,2.5,Fagus sylvatica,632
74.97,148.22,Larix decidua,494
91.51,123.88,Larix decidua,679
103.99,116.59,Larix decidua,729
97.78,113.28,Larix decidua,699
100.69,49.76,Sorbus torminalis,318
48.25,8.09,Sorbus torminalis,625
118.52,152.35,Fraxinus excelsior,520
94.48,148.4,Fraxinus excelsior,546
42.65,145.13,Fraxinus excelsior,414
111.49,136.74,Fraxinus excelsior,115
113.83,135.44,Fraxinus excelsior,89
114.49,132.97,Fraxinus excelsior,77
114.73,131.81,Fraxinus excelsior,74
106.55,131.42,Fraxinus excelsior,544
121.51,130.85,Fraxinus excelsior,103
121.09,127.71,Fraxinus excelsior,70
116.74,127.44,Fraxinus excelsior,102
123.23,124.11,Fraxinus excelsior,127
84.74,120.09,Fraxinus excelsior,79
129.13,107.5,Fraxinus excelsior,74
125.92,107.24,Fraxinus excelsior,80
122.8,107.02,Fraxinus excelsior,70
25.66,104.04,Fraxinus excelsior,725
135.2,103.5,Fraxinus excelsior,111
130.18,102.51,Fraxinus excelsior,84
136.41,101.54,Fraxinus excelsior,76
132.4,100.35,Fraxinus excelsior,70
103.01,98.8,Fraxinus excelsior,82
106.34,98.2,Fraxinus excelsior,81
118.45,97.41,Fraxinus excelsior,73
131.56,97.02,Fraxinus excelsior,70
132.74,96.81,Fraxinus excelsior,95
111.66,96.22,Fraxinus excelsior,77
128.97,95.34,Fraxinus excelsior,100
108.55,94.94,Fraxinus excelsior,78
108.51,92.24,Fraxinus excelsior,111
107.34,92.2,Fraxinus excelsior,117
107.2,91.82,Fraxinus excelsior,71
114.06,91.37,Fraxinus excelsior,101
112.23,91.37,Fraxinus excelsior,77
104.99,89.86,Fraxinus excelsior,109
113.04,89.82,Fraxinus excelsior,90
109.01,89.46,Fraxinus excelsior,74
112.29,88.79,Fraxinus excelsior,103
132.45,88.73,Fraxinus excelsior,113
110.52,88.67,Fraxinus excelsior,106
102.47,86.94,Fraxinus excelsior,105
128.26,86.51,Fraxinus excelsior,610
100.24,83.42,Fraxinus excelsior,89
104.77,82.6,Fraxinus excelsior,80
106.09,82.4,Fraxinus excelsior,79
120.33,79.36,Fraxinus excelsior,684
99.94,78.41,Fraxinus excelsior,92
134.63,71.72,Fraxinus excelsior,84
38.55,70.93,Fraxinus excelsior,76
133.74,70.12,Fraxinus excelsior,70
56.79,69.76,Fraxinus excelsior,107
68.27,69.15,Fraxinus excelsior,104
59.22,68.36,Fraxinus excelsior,72
57.66,68.27,Fraxinus excelsior,83
54.56,67.86,Fraxinus excelsior,75
69.66,67.7,Fraxinus excelsior,91
61.23,66.23,Fraxinus excelsior,74
59.8,65.77,Fraxinus excelsior,91
117.89,65.43,Fraxinus excelsior,621
54.6,65.17,Fraxinus excelsior,91
58.08,63.29,Fraxinus excelsior,76
56.65,63.21,Fraxinus excelsior,86
55.06,62.96,Fraxinus excelsior,71
57.9,62.47,Fraxinus excelsior,95
55.81,62.21,Fraxinus excelsior,75
84.3,61.63,Fraxinus excelsior,116
85.44,59.6,Fraxinus excelsior,136
116.58,59.5,Fraxinus excelsior,78
61.96,59.15,Fraxinus excelsior,98
90.04,58.79,Fraxinus excelsior,105
82.25,57.37,Fraxinus excelsior,120
82.63,55.46,Fraxinus excelsior,82
85.21,51.73,Fraxinus excelsior,127
100.03,51.28,Fraxinus excelsior,627
86.05,50.44,Fraxinus excelsior,83
79.22,49.42,Fraxinus excelsior,94
83.37,48.82,Fraxinus excelsior,75
90.27,48.67,Fraxinus excelsior,115
102.98,48.15,Fraxinus excelsior,77
97.17,47.06,Fraxinus excelsior,119
152.03,47.05,Fraxinus excelsior,675
143,36.62,Fraxinus excelsior,569
99.53,36.37,Fraxinus excelsior,70
100.08,34.09,Fraxinus excelsior,77
98.6,28.23,Fraxinus excelsior,101
101.39,27.9,Fraxinus excelsior,96
101.65,24.09,Fraxinus excelsior,106
98.47,24.08,Fraxinus excelsior,111
103.37,20.85,Fraxinus excelsior,77
99.16,19.98,Fraxinus excelsior,120
97.65,19.66,Fraxinus excelsior,73
151.05,144.06,Acer campestre,118
78.37,54.1,Acer campestre,151
64.67,53.06,Acer campestre,80
96.99,51.91,Acer campestre,97
98.74,50.17,Acer campestre,72
77.18,49.75,Acer campestre,111
95.53,49.35,Acer campestre,89
83.24,43.39,Acer campestre,111
97.44,40.47,Acer campestre,145
64.16,32.38,Acer campestre,91
102.43,159.46,Picea abies,568
91.26,103.18,Picea abies,608
35.42,32.6,Picea abies,463
144.95,34.18,Carpinus betulus,205
95.48,142.69,Prunus avium,71
148.08,99.96,Prunus avium,73
134.89,97.66,Prunus avium,174
131.9,95.16,Prunus avium,106
135.6,93.82,Prunus avium,98
131.8,93.31,Prunus avium,142
144.64,92.1,Prunus avium,435
136.64,90.69,Prunus avium,132
114.62,83.54,Prunus avium,146
72.75,83.25,Prunus avium,117
144.81,79.72,Prunus avium,93
75.37,79.29,Prunus avium,96
123.94,73.25,Prunus avium,82
141.07,153.43,Acer platanoides,150
155.76,152.93,Acer platanoides,79
146.18,149.76,Acer platanoides,74
118.29,141.55,Acer platanoides,189
144.59,132.99,Acer platanoides,145
119.91,129.19,Acer platanoides,80
87.48,125.5,Acer platanoides,104
87.28,122.78,Acer platanoides,118
89.87,120.69,Acer platanoides,122
103.34,119.04,Acer platanoides,110
139.81,115.41,Acer platanoides,122
140.31,114.79,Acer platanoides,122
83.38,112.71,Acer platanoides,78
88.31,111.77,Acer platanoides,82
82.65,106.81,Acer platanoides,102
121.38,105.91,Acer platanoides,109
132.11,105.44,Acer platanoides,158
154.14,95.48,Acer platanoides,117
117.09,94.62,Acer platanoides,118
137.94,94.16,Acer platanoides,153
138.11,94,Acer platanoides,107
151.55,92.63,Acer platanoides,134
121.35,92.6,Acer platanoides,120
144.79,91.6,Acer platanoides,139
124.16,90.04,Acer platanoides,77
128.64,89.57,Acer platanoides,129
137.01,89,Acer platanoides,162
133.18,87.59,Acer platanoides,119
122.27,87.38,Acer platanoides,83
122.95,86.4,Acer platanoides,89
121.44,86.35,Acer platanoides,130
140.45,86.28,Acer platanoides,168
59.2,85.76,Acer platanoides,91
68.56,85.09,Acer platanoides,125
136.29,84.76,Acer platanoides,149
124.72,84.47,Acer platanoides,70
70.69,78.5,Acer platanoides,101
134.47,78.25,Acer platanoides,89
134.85,78.05,Acer platanoides,91
91.13,77.21,Acer platanoides,163
56.74,75.25,Acer platanoides,97
132.87,75.06,Acer platanoides,70
156.07,74.37,Acer platanoides,116
133.27,73.96,Acer platanoides,70
61.23,69.58,Acer platanoides,103
75.08,68.21,Acer platanoides,78
107.15,68.05,Acer platanoides,128
117.81,67.8,Acer platanoides,70
43.1,67,Acer platanoides,130
35.43,66.11,Acer platanoides,77
81.96,65.95,Acer platanoides,106
83.71,65.58,Acer platanoides,140
19.51,64.37,Acer platanoides,79
26.67,63.94,Acer platanoides,74
107.43,63.78,Acer platanoides,115
42.17,63.43,Acer platanoides,110
115.38,63.28,Acer platanoides,77
18.36,63.09,Acer platanoides,86
43.52,62.02,Acer platanoides,119
39.7,61.28,Acer platanoides,82
55.2,60.69,Acer platanoides,108
69.48,58.49,Acer platanoides,100
64.83,57.66,Acer platanoides,137
59.96,57.1,Acer platanoides,153
34.15,56.78,Acer platanoides,95
71.05,56.58,Acer platanoides,99
120.65,56.39,Acer platanoides,84
65.65,56.21,Acer platanoides,190
120.68,55.98,Acer platanoides,116
121.82,55.82,Acer platanoides,124
42.02,55.65,Acer platanoides,76
71.69,55.46,Acer platanoides,86
118.88,54.61,Acer platanoides,131
65.59,53.82,Acer platanoides,75
63.17,53.44,Acer platanoides,100
136.95,52.98,Acer platanoides,92
76.17,52.77,Acer platanoides,147
143.21,51.99,Acer platanoides,73
34.69,51.71,Acer platanoides,80
34.31,51.57,Acer platanoides,81
69.08,49.6,Acer platanoides,83
61.51,49.18,Acer platanoides,176
63.29,48.9,Acer platanoides,158
63.38,48.51,Acer platanoides,145
76.63,48.23,Acer platanoides,116
114.01,47.29,Acer platanoides,85
15.95,47.27,Acer platanoides,118
113.17,46.61,Acer platanoides,128
120.54,46.1,Acer platanoides,110
49.67,46.04,Acer platanoides,92
47.53,45.51,Acer platanoides,80
132.95,43.19,Acer platanoides,93
140.15,42.81,Acer platanoides,72
99.46,42.55,Acer platanoides,96
135.75,42.43,Acer platanoides,73
113.88,42.43,Acer platanoides,171
133.2,42.31,Acer platanoides,76
57.07,42.27,Acer platanoides,143
124.98,42.25,Acer platanoides,92
126.39,41.66,Acer platanoides,96
100.69,41.47,Acer platanoides,75
138.53,41.33,Acer platanoides,74
123.39,40.07,Acer platanoides,76
138.75,40.02,Acer platanoides,70
132.88,39.58,Acer platanoides,78
14.43,39.56,Acer platanoides,99
121.42,39.16,Acer platanoides,155
117.53,39.09,Acer platanoides,80
101.86,38.87,Acer platanoides,75
116.75,38.65,Acer platanoides,76
94.29,38.36,Acer platanoides,99
130.05,38.09,Acer platanoides,113
60.84,37.77,Acer platanoides,112
119.37,37.5,Acer platanoides,83
128.28,37.46,Acer platanoides,86
136.4,36.9,Acer platanoides,92
61.37,36.61,Acer platanoides,141
16.57,36.51,Acer platanoides,110
119.49,36.31,Acer platanoides,100
118.43,36,Acer platanoides,141
124.52,35.08,Acer platanoides,130
136.88,34.87,Acer platanoides,72
134.38,34.82,Acer platanoides,96
96.62,34.72,Acer platanoides,78
122.49,33.98,Acer platanoides,108
124.75,33.38,Acer platanoides,113
56.47,33.18,Acer platanoides,81
119.92,33.1,Acer platanoides,101
43.2,32.71,Acer platanoides,117
129.53,32.39,Acer platanoides,130
43.46,32.38,Acer platanoides,114
107.54,32.34,Acer platanoides,137
5.37,31.94,Acer platanoides,103
135.66,31.92,Acer platanoides,88
125.33,31.77,Acer platanoides,137
63.53,31.55,Acer platanoides,82
134.53,31.23,Acer platanoides,74
38.38,31.15,Acer platanoides,147
131.4,30.73,Acer platanoides,74
131.52,30.6,Acer platanoides,86
120.95,30.44,Acer platanoides,146
135.51,30.05,Acer platanoides,148
131.75,29.66,Acer platanoides,79
136.45,28.83,Acer platanoides,85
133.25,28.81,Acer platanoides,120
129.66,28.27,Acer platanoides,135
25.78,27.76,Acer platanoides,153
134.43,27.65,Acer platanoides,88
134.31,27.61,Acer platanoides,90
135.49,26.43,Acer platanoides,81
21.4,25.93,Acer platanoides,133
32.32,25.87,Acer platanoides,142
109.32,25.73,Acer platanoides,87
132.41,24.99,Acer platanoides,78
129.93,24.8,Acer platanoides,79
118.71,23.71,Acer platanoides,82
64.07,23.34,Acer platanoides,135
19.03,23.01,Acer platanoides,121
114.79,22.9,Acer platanoides,130
35.24,22.87,Acer platanoides,110
109.31,22.82,Acer platanoides,113
17.6,22.81,Acer platanoides,182
110.01,22.34,Acer platanoides,135
80.83,22.32,Acer platanoides,82
118.41,22.15,Acer platanoides,82
107.89,21.79,Acer platanoides,125
134.72,21.15,Acer platanoides,99
138.7,21.06,Acer platanoides,72
135.12,21,Acer platanoides,159
113.15,20.6,Acer platanoides,117
133.18,20.08,Acer platanoides,73
18.85,18.94,Acer platanoides,202
108.13,17.9,Acer platanoides,84
39.05,17.29,Acer platanoides,160
137.52,16.63,Acer platanoides,70
134.76,16.37,Acer platanoides,99
15.27,16.18,Acer platanoides,157
135.5,16.11,Acer platanoides,105
16.44,15.57,Acer platanoides,159
136.72,15.32,Acer platanoides,80
105.29,14.63,Acer platanoides,100
4.69,14.1,Acer platanoides,96
13.09,13.67,Acer platanoides,97
106.32,12.85,Acer platanoides,152
109.64,11.57,Acer platanoides,149
12.31,10.85,Acer platanoides,103
93.8,10.36,Acer platanoides,135
17.22,10.09,Acer platanoides,147
11.13,10.05,Acer platanoides,105
53.01,9.94,Acer platanoides,650
17.12,9.82,Acer platanoides,130
18.36,9.63,Acer platanoides,163
14.46,9.15,Acer platanoides,132
122.24,8.66,Acer platanoides,85
97.35,8.19,Acer platanoides,142
114.28,8.03,Acer platanoides,184
25.75,7.94,Acer platanoides,276
115.21,7.66,Acer platanoides,103
14.9,7.3,Acer platanoides,139
75.77,6.65,Acer platanoides,143
100.91,6.49,Acer platanoides,114
139.95,6.41,Acer platanoides,137
94.18,5.66,Acer platanoides,120
100.35,4.82,Acer platanoides,101
100.01,127.02,Quercus petraea,506
104.11,120.39,Quercus petraea,475
153.49,118.94,Quercus petraea,593
49.45,106.6,Quercus petraea,545
84.38,97.6,Quercus petraea,500
114.88,65.22,Quercus petraea,472
72.06,23.85,Quercus petraea,597
